Customer_ID,Signup_Date,Country,Age,Plan,Support_Tier,Monthly_Fee,Avg_Monthly_Usage_GB,Avg_Monthly_Calls,Complaints_Last_90d,Late_Payments_Last_6m,AutoPay_Enabled,Discount_Applied,Churned,Churn_Probability
CUST100000,2024-04-12,ES,47,Standard,Chat,19.99,10.36,13,0,0,0,1,0,0.19
CUST100001,2025-03-11,FR,73,Basic,Email,12.99,15.59,13,1,0,0,0,0,0.757
CUST100002,2024-09-27,NL,63,Basic,Chat,12.99,5.76,12,0,0,1,1,0,0.261
CUST100003,2024-04-16,ES,40,Basic,Priority,12.99,2.51,10,0,0,1,0,1,0.403
CUST100004,2024-03-12,NL,49,Basic,Phone,12.99,9.99,10,0,1,0,0,1,0.541
CUST100005,2024-01-21,FR,34,Basic,Email,12.99,10.17,6,1,0,1,1,0,0.488
CUST100006,2024-05-01,SE,67,Basic,Email,12.99,25.76,12,1,0,1,0,0,0.556
CUST100007,2025-04-11,SE,68,Standard,Email,19.99,6.21,9,0,0,1,0,0,0.297
CUST100008,2024-08-02,SE,34,Basic,Chat,12.99,10.28,11,0,0,0,0,0,0.335
CUST100009,2024-11-26,SE,31,Standard,Phone,19.99,7.55,10,0,1,0,0,1,0.531
CUST100010,2025-04-03,IT,26,Pro,Email,34.99,2.82,14,0,0,1,0,0,0.465
CUST100011,2024-03-28,FI,57,Standard,Chat,19.99,10.09,11,2,0,0,1,0,0.471
CUST100012,2025-01-07,IT,19,Basic,Phone,12.99,17.07,13,1,0,0,1,1,0.694
CUST100013,2024-04-09,IT,62,Basic,Chat,12.99,13.18,5,0,0,1,0,0,0.24
CUST100014,2024-05-10,IT,42,Basic,Chat,12.99,4.47,7,1,0,1,0,1,0.559
CUST100015,2024-11-04,SE,56,Basic,Chat,12.99,6.71,19,2,0,0,0,1,0.696
CUST100016,2024-12-09,FR,26,Pro,Chat,34.99,18.66,6,1,0,0,0,1,0.611
CUST100017,2025-05-06,DE,71,Basic,Email,12.99,6.34,12,0,0,0,0,1,0.495
CUST100018,2025-02-17,DE,39,Basic,Chat,12.99,18.35,13,0,0,0,1,1,0.395
CUST100019,2025-01-20,FI,60,Standard,Chat,19.99,7.08,9,0,1,1,0,1,0.488
CUST100020,2024-07-10,SE,63,Standard,Phone,19.99,7.49,10,1,0,1,1,0,0.432
CUST100021,2024-10-03,SE,21,Standard,Chat,19.99,16.63,14,1,0,1,0,1,0.505
CUST100022,2024-06-09,SE,43,Basic,Phone,12.99,28.42,6,0,0,1,0,0,0.256
CUST100023,2025-04-04,NL,46,Basic,Email,12.99,6.87,8,1,0,1,0,1,0.714
CUST100024,2024-11-09,ES,62,Standard,Chat,19.99,5.96,16,0,0,0,0,0,0.277
CUST100025,2024-01-22,NL,51,Basic,Email,12.99,4.38,11,0,0,1,0,0,0.223
CUST100026,2024-09-09,ES,40,Basic,Email,12.99,3.79,17,0,0,1,1,0,0.255
CUST100027,2025-04-19,SE,54,Basic,Chat,12.99,4.65,9,0,1,1,0,0,0.661
CUST100028,2024-02-28,SE,28,Basic,Priority,12.99,5.33,9,1,0,0,1,0,0.574
CUST100029,2025-05-25,NL,23,Basic,Email,12.99,15.18,13,0,0,1,0,0,0.44
CUST100030,2025-04-20,NL,35,Basic,Chat,12.99,12.12,11,2,0,1,1,1,0.694
CUST100031,2024-07-08,ES,38,Standard,Phone,19.99,13.86,12,0,0,1,0,1,0.186
CUST100032,2024-08-31,DE,59,Standard,Email,19.99,13.69,11,1,0,0,1,0,0.527
CUST100033,2025-05-19,ES,53,Standard,Chat,19.99,18.53,16,1,0,1,0,1,0.653
CUST100034,2024-05-10,NL,58,Basic,Chat,12.99,4.3,16,0,1,1,1,1,0.447
CUST100035,2025-04-29,FR,55,Basic,Chat,12.99,9.78,16,0,0,1,1,1,0.378
CUST100036,2024-01-21,NL,51,Basic,Email,12.99,1.6,11,0,0,1,0,0,0.378
CUST100037,2024-06-15,FR,34,Standard,Email,19.99,1.61,12,0,1,0,0,1,0.643
CUST100038,2024-09-30,FI,54,Standard,Phone,19.99,9.04,10,1,0,0,0,0,0.578
CUST100039,2025-01-22,NL,42,Basic,Chat,12.99,7.49,10,2,0,0,1,0,0.702
CUST100040,2024-11-11,FI,55,Pro,Email,34.99,8.53,9,0,0,1,0,0,0.222
CUST100041,2024-01-14,DE,29,Basic,Phone,12.99,12.91,11,2,0,0,0,0,0.598
CUST100042,2024-08-29,ES,40,Standard,Email,19.99,21.7,10,0,0,1,0,0,0.199
CUST100043,2024-12-11,FR,70,Standard,Chat,19.99,8.35,11,0,2,1,0,0,0.464
CUST100044,2024-12-05,ES,59,Pro,Email,34.99,7.33,14,1,0,0,1,1,0.573
CUST100045,2024-04-01,FI,39,Standard,Priority,19.99,4.54,8,1,1,1,0,0,0.687
CUST100046,2025-01-01,FR,38,Standard,Email,19.99,15.33,9,0,0,1,0,0,0.241
CUST100047,2025-03-30,ES,44,Basic,Email,12.99,4.89,12,0,0,1,1,0,0.354
CUST100048,2025-03-03,NL,74,Standard,Email,19.99,6.66,8,0,0,1,0,0,0.272
CUST100049,2025-05-23,SE,48,Basic,Email,12.99,13.13,11,0,0,1,0,0,0.438
CUST100050,2024-02-04,FI,23,Pro,Phone,34.99,8.85,17,0,0,0,0,0,0.201
CUST100051,2024-07-24,ES,44,Standard,Priority,19.99,8.48,11,0,0,1,0,0,0.19
CUST100052,2024-03-21,FI,57,Standard,Email,19.99,3.94,13,0,0,0,0,0,0.21
CUST100053,2025-01-22,IT,51,Basic,Chat,12.99,10.69,9,0,0,1,1,1,0.311
CUST100054,2024-01-02,FI,29,Standard,Chat,19.99,31.93,7,1,0,0,0,1,0.483
CUST100055,2025-01-24,FR,62,Standard,Phone,19.99,2.47,11,0,1,1,0,0,0.671
CUST100056,2024-04-15,IT,74,Standard,Chat,19.99,3.04,11,2,0,1,0,0,0.439
CUST100057,2025-04-21,FR,70,Basic,Email,12.99,14.47,13,1,2,1,0,1,0.883
CUST100058,2025-02-05,SE,24,Basic,Chat,12.99,9.96,15,1,0,0,1,1,0.709
CUST100059,2024-06-10,IT,27,Basic,Chat,12.99,20.67,12,1,1,1,0,1,0.791
CUST100060,2024-07-20,NL,62,Basic,Email,12.99,4.42,14,1,2,1,0,1,0.801
CUST100061,2024-09-26,FI,34,Pro,Chat,34.99,15.5,17,0,0,1,0,0,0.207
CUST100062,2024-09-27,ES,43,Basic,Email,12.99,10.69,12,1,0,0,0,1,0.681
CUST100063,2025-03-31,DE,38,Pro,Phone,34.99,3.59,11,1,0,1,0,0,0.611
CUST100064,2025-04-06,FI,45,Basic,Email,12.99,4.91,15,0,0,1,0,0,0.394
CUST100065,2024-09-08,FI,63,Basic,Chat,12.99,8.43,9,0,0,0,0,1,0.348
CUST100066,2024-10-22,SE,19,Standard,Chat,19.99,3.93,18,1,0,1,1,1,0.476
CUST100067,2024-12-03,NL,71,Standard,Chat,19.99,17.92,11,0,1,1,0,1,0.46
CUST100068,2024-02-22,DE,60,Basic,Email,12.99,13.98,17,0,0,1,1,0,0.204
CUST100069,2024-08-04,IT,18,Standard,Chat,19.99,5.56,9,1,0,0,1,1,0.516
CUST100070,2024-07-06,IT,68,Standard,Chat,19.99,7.35,11,0,0,1,0,1,0.185
CUST100071,2025-01-14,IT,70,Basic,Chat,12.99,16.04,11,0,1,1,0,0,0.595
CUST100072,2025-05-07,FR,53,Pro,Chat,34.99,7.92,8,0,1,1,0,1,0.57
CUST100073,2024-02-10,FR,68,Pro,Chat,34.99,28.79,15,0,0,1,0,0,0.158
CUST100074,2024-06-05,ES,43,Standard,Phone,19.99,12.18,8,0,0,1,1,0,0.158
CUST100075,2024-01-15,DE,46,Basic,Email,12.99,4.1,9,1,0,1,0,1,0.524
CUST100076,2024-03-05,IT,38,Standard,Phone,19.99,3.21,11,0,1,0,0,0,0.427
CUST100077,2025-06-04,FR,28,Basic,Chat,12.99,17.2,5,0,1,1,0,1,0.701
CUST100078,2024-12-09,ES,57,Basic,Email,12.99,5.81,11,3,1,1,0,1,0.839
CUST100079,2024-05-08,NL,28,Basic,Email,12.99,9.27,8,0,1,0,0,0,0.559
CUST100080,2025-04-16,ES,53,Basic,Email,12.99,8.44,17,0,0,0,1,1,0.439
CUST100081,2024-03-03,FR,66,Pro,Phone,34.99,2.16,9,0,0,1,0,1,0.289
CUST100082,2024-05-18,SE,56,Standard,Chat,19.99,2.13,9,0,1,1,1,1,0.525
CUST100083,2025-05-13,SE,57,Standard,Phone,19.99,19.12,16,3,0,1,0,1,0.647
CUST100084,2025-01-26,IT,52,Basic,Chat,12.99,6.43,8,1,1,1,0,1,0.854
CUST100085,2025-02-22,SE,71,Basic,Chat,12.99,6.16,10,0,0,0,0,0,0.435
CUST100086,2024-10-15,IT,51,Basic,Email,12.99,30.63,9,1,0,1,0,1,0.62
CUST100087,2025-01-13,IT,72,Pro,Email,34.99,16.3,15,0,0,1,0,1,0.247
CUST100088,2025-05-04,FR,64,Basic,Chat,12.99,23.54,13,0,1,1,1,1,0.639
CUST100089,2024-08-18,SE,41,Pro,Email,34.99,19.57,10,1,0,0,1,0,0.522
CUST100090,2024-02-10,IT,71,Standard,Email,19.99,14.73,13,0,1,1,0,0,0.349
CUST100091,2024-01-28,DE,39,Basic,Chat,12.99,22.85,11,1,0,0,0,1,0.601
CUST100092,2024-05-14,NL,22,Standard,Chat,19.99,4.32,13,0,0,1,0,1,0.174
CUST100093,2024-07-19,ES,73,Basic,Priority,12.99,3.85,13,1,0,1,1,0,0.547
CUST100094,2024-02-02,ES,50,Pro,Phone,34.99,2.14,9,1,0,1,0,0,0.603
CUST100095,2024-02-17,FR,53,Pro,Chat,34.99,1.38,7,1,1,0,1,1,0.837
CUST100096,2025-05-17,SE,64,Basic,Chat,12.99,9.13,16,1,0,1,0,1,0.745
CUST100097,2025-02-10,SE,37,Basic,Chat,12.99,1.86,14,1,0,1,0,0,0.818
CUST100098,2024-04-08,IT,36,Standard,Phone,19.99,2.95,13,0,0,1,1,0,0.268
CUST100099,2025-04-06,FI,52,Pro,Email,34.99,7.0,13,0,2,1,0,0,0.543
CUST100100,2024-01-05,IT,69,Basic,Chat,12.99,0.27,9,0,1,1,0,1,0.631
CUST100101,2024-08-05,NL,60,Standard,Phone,19.99,7.84,9,1,0,1,0,0,0.479
CUST100102,2025-05-17,DE,34,Standard,Email,19.99,8.43,9,1,0,1,0,1,0.651
CUST100103,2025-02-01,ES,62,Standard,Chat,19.99,29.32,15,0,0,1,0,0,0.256
CUST100104,2025-01-27,IT,60,Basic,Chat,12.99,9.81,5,0,0,0,0,0,0.418
CUST100105,2024-07-25,FI,51,Standard,Email,19.99,9.14,13,0,0,1,1,0,0.168
CUST100106,2024-01-15,FI,26,Pro,Email,34.99,22.85,10,0,0,1,0,0,0.154
CUST100107,2025-04-05,IT,43,Basic,Email,12.99,6.89,18,0,0,0,1,0,0.43
CUST100108,2024-08-28,FR,19,Basic,Email,12.99,9.64,12,0,0,1,0,0,0.28
CUST100109,2024-04-05,ES,70,Pro,Email,34.99,16.4,6,0,0,1,0,0,0.167
CUST100110,2025-04-29,FR,26,Basic,Phone,12.99,4.4,11,0,0,1,0,0,0.414
CUST100111,2025-02-10,DE,26,Pro,Email,34.99,16.48,8,0,1,1,0,1,0.502
CUST100112,2024-08-18,FI,57,Basic,Chat,12.99,2.3,13,0,0,0,0,0,0.522
CUST100113,2024-06-19,FI,34,Basic,Email,12.99,13.45,12,0,0,1,1,0,0.231
CUST100114,2024-02-05,NL,18,Pro,Phone,34.99,13.51,6,3,2,0,0,1,0.735
CUST100115,2025-06-08,DE,42,Basic,Email,12.99,6.03,11,2,0,1,0,1,0.763
CUST100116,2024-06-08,FI,60,Standard,Chat,19.99,7.23,14,0,1,0,0,1,0.457
CUST100117,2024-08-30,DE,57,Basic,Phone,12.99,24.45,12,1,0,0,1,1,0.636
CUST100118,2024-03-26,ES,59,Standard,Phone,19.99,7.66,17,1,0,1,1,1,0.397
CUST100119,2024-01-28,SE,42,Basic,Email,12.99,12.3,14,0,0,1,0,0,0.225
CUST100120,2024-12-05,FI,56,Basic,Phone,12.99,8.67,19,0,0,1,0,0,0.32
CUST100121,2024-11-26,NL,52,Pro,Chat,34.99,4.75,9,0,0,1,0,0,0.227
CUST100122,2025-05-20,ES,20,Basic,Chat,12.99,5.04,13,1,0,0,0,0,0.8
CUST100123,2024-12-13,IT,67,Standard,Email,19.99,11.14,10,0,1,0,0,1,0.54
CUST100124,2025-04-17,DE,54,Basic,Email,12.99,21.19,13,0,1,1,0,1,0.659
CUST100125,2024-08-18,IT,61,Standard,Chat,19.99,2.45,7,0,0,0,0,1,0.411
CUST100126,2024-07-08,FR,61,Basic,Chat,12.99,23.23,14,0,0,1,0,1,0.264
CUST100127,2024-08-12,ES,68,Pro,Chat,34.99,13.17,11,2,1,1,0,0,0.727
CUST100128,2025-01-19,IT,47,Basic,Chat,12.99,6.9,15,0,0,1,1,0,0.31
CUST100129,2025-01-11,FI,55,Basic,Phone,12.99,10.65,10,0,1,1,1,0,0.557
CUST100130,2024-10-09,DE,51,Basic,Email,12.99,13.01,13,1,1,1,0,1,0.822
CUST100131,2024-09-15,SE,29,Basic,Chat,12.99,3.09,6,0,1,1,0,0,0.534
CUST100132,2024-12-24,ES,36,Standard,Email,19.99,7.37,11,0,0,0,0,1,0.297
CUST100133,2025-03-31,FI,54,Basic,Phone,12.99,8.36,11,2,0,0,0,1,0.769
CUST100134,2025-02-14,NL,61,Standard,Chat,19.99,1.63,6,1,0,0,1,1,0.772
CUST100135,2024-11-13,FR,66,Basic,Priority,12.99,15.03,7,0,0,1,0,1,0.31
CUST100136,2024-08-12,DE,34,Basic,Email,12.99,4.95,12,0,0,1,1,0,0.246
CUST100137,2024-08-21,ES,27,Standard,Email,19.99,5.2,16,0,0,1,1,1,0.174
CUST100138,2025-01-08,ES,74,Standard,Email,19.99,7.81,10,0,0,0,0,0,0.304
CUST100139,2025-04-16,SE,72,Basic,Email,12.99,11.57,14,0,0,1,0,1,0.403
CUST100140,2024-08-20,SE,66,Basic,Email,12.99,10.97,10,0,0,1,0,1,0.277
CUST100141,2024-04-22,NL,64,Basic,Phone,12.99,8.65,13,2,1,0,0,1,0.827
CUST100142,2025-05-11,FR,29,Standard,Email,19.99,10.66,13,1,0,1,0,1,0.646
CUST100143,2025-03-17,NL,33,Standard,Email,19.99,4.51,14,1,0,0,0,1,0.67
CUST100144,2024-09-24,FI,41,Basic,Phone,12.99,9.39,17,1,0,1,1,0,0.575
CUST100145,2025-05-24,FI,36,Standard,Chat,19.99,12.4,14,1,0,0,0,0,0.722
CUST100146,2025-01-20,NL,25,Standard,Phone,19.99,5.12,8,0,0,1,0,1,0.25
CUST100147,2025-01-21,FR,48,Standard,Email,19.99,8.51,10,1,0,1,0,1,0.563
CUST100148,2024-04-22,NL,38,Pro,Chat,34.99,12.6,13,1,1,1,0,1,0.693
CUST100149,2024-03-21,FR,34,Basic,Email,12.99,7.8,8,3,0,1,0,0,0.543
CUST100150,2024-04-22,FR,40,Basic,Email,12.99,2.61,21,1,0,1,1,1,0.693
CUST100151,2024-01-02,IT,54,Basic,Phone,12.99,20.94,12,1,0,1,0,1,0.52
CUST100152,2024-08-07,DE,71,Basic,Email,12.99,18.45,12,3,1,1,0,1,0.805
CUST100153,2024-08-12,FR,33,Standard,Chat,19.99,8.29,5,0,0,0,0,0,0.246
CUST100154,2025-01-19,SE,23,Pro,Chat,34.99,23.03,13,0,0,1,0,0,0.25
CUST100155,2025-02-06,FR,25,Basic,Email,12.99,13.0,9,2,0,0,1,1,0.71
CUST100156,2024-05-09,FR,42,Basic,Phone,12.99,7.06,16,0,0,0,0,0,0.307
CUST100157,2024-02-22,FR,35,Basic,Email,12.99,4.6,12,0,1,1,1,0,0.423
CUST100158,2025-02-19,IT,42,Pro,Chat,34.99,3.11,9,0,2,1,0,0,0.508
CUST100159,2024-09-03,IT,29,Basic,Priority,12.99,7.38,16,2,0,0,0,1,0.672
CUST100160,2025-03-14,FI,32,Standard,Chat,19.99,3.87,14,0,1,1,0,0,0.524
CUST100161,2024-07-21,IT,43,Basic,Phone,12.99,4.18,13,0,1,1,0,0,0.511
CUST100162,2024-07-02,SE,58,Basic,Email,12.99,10.72,8,1,0,1,0,1,0.578
CUST100163,2024-05-02,SE,62,Pro,Chat,34.99,2.32,13,0,1,0,1,0,0.593
CUST100164,2025-02-04,IT,43,Pro,Email,34.99,1.68,18,0,1,1,0,1,0.677
CUST100165,2024-10-20,NL,64,Basic,Chat,12.99,9.0,10,1,0,0,0,0,0.69
CUST100166,2024-10-06,DE,49,Pro,Priority,34.99,12.73,15,1,0,1,0,1,0.506
CUST100167,2024-07-16,IT,27,Standard,Email,19.99,11.24,10,0,1,0,0,0,0.471
CUST100168,2025-05-25,FR,33,Pro,Chat,34.99,1.73,11,0,0,0,0,1,0.588
CUST100169,2024-05-23,ES,24,Basic,Email,12.99,4.54,11,1,1,1,0,0,0.787
CUST100170,2024-07-19,DE,34,Standard,Chat,19.99,5.04,19,1,1,1,0,1,0.719
CUST100171,2024-05-03,DE,40,Basic,Chat,12.99,1.85,7,1,1,0,0,0,0.911
CUST100172,2024-07-05,SE,43,Standard,Priority,19.99,8.55,22,0,2,0,0,0,0.467
CUST100173,2024-11-21,DE,38,Basic,Chat,12.99,9.79,5,0,0,1,0,1,0.313
CUST100174,2025-04-08,IT,39,Basic,Email,12.99,7.17,12,2,0,0,0,0,0.774
CUST100175,2024-12-14,FR,24,Basic,Email,12.99,1.82,11,0,0,1,0,0,0.503
CUST100176,2025-02-06,FR,31,Standard,Email,19.99,28.81,11,2,1,0,1,1,0.817
CUST100177,2024-12-11,FI,32,Basic,Email,12.99,4.14,17,1,0,0,0,1,0.712
CUST100178,2025-05-25,FR,70,Standard,Email,19.99,16.17,11,0,0,1,0,0,0.333
CUST100179,2024-05-26,FR,24,Pro,Phone,34.99,21.16,11,3,2,1,0,1,0.703
CUST100180,2024-05-27,SE,26,Basic,Chat,12.99,5.98,19,1,0,1,0,1,0.565
CUST100181,2025-05-03,FR,68,Standard,Chat,19.99,11.26,20,0,0,0,1,1,0.347
CUST100182,2024-12-03,FI,65,Basic,Email,12.99,2.37,12,0,0,1,0,1,0.497
CUST100183,2025-04-17,ES,25,Pro,Phone,34.99,6.19,13,0,0,1,1,0,0.271
CUST100184,2024-05-30,IT,67,Basic,Chat,12.99,11.54,10,1,0,0,1,1,0.603
CUST100185,2025-02-18,SE,40,Standard,Email,19.99,8.41,11,0,0,1,0,0,0.265
CUST100186,2024-10-24,ES,46,Standard,Chat,19.99,13.8,15,0,0,1,0,0,0.216
CUST100187,2024-09-19,SE,35,Pro,Chat,34.99,5.61,5,0,0,0,0,1,0.258
CUST100188,2024-05-23,NL,48,Standard,Email,19.99,16.17,13,0,0,0,0,0,0.224
CUST100189,2024-12-11,DE,47,Basic,Chat,12.99,3.57,13,1,0,1,0,0,0.647
CUST100190,2024-01-02,NL,69,Standard,Chat,19.99,11.37,15,0,1,1,0,0,0.339
CUST100191,2024-10-30,FR,56,Pro,Email,34.99,5.16,6,0,0,1,0,1,0.218
CUST100192,2024-09-10,ES,52,Standard,Phone,19.99,1.54,17,1,0,0,0,1,0.736
CUST100193,2025-03-28,FR,35,Basic,Phone,12.99,13.63,10,0,1,0,0,0,0.709
CUST100194,2024-02-06,DE,59,Pro,Chat,34.99,4.45,8,0,0,1,1,0,0.138
CUST100195,2024-06-08,SE,56,Standard,Chat,19.99,3.32,13,1,0,0,0,0,0.532
CUST100196,2024-01-09,DE,34,Standard,Chat,19.99,18.92,13,0,0,1,1,0,0.135
CUST100197,2024-08-20,FI,31,Basic,Chat,12.99,14.83,6,1,0,1,0,1,0.597
CUST100198,2024-04-08,DE,48,Standard,Chat,19.99,3.19,13,1,0,0,0,0,0.512
CUST100199,2024-07-26,FI,41,Basic,Email,12.99,2.74,15,1,0,1,0,1,0.75
CUST100200,2024-05-10,DE,52,Standard,Chat,19.99,5.7,19,0,0,1,0,0,0.173
CUST100201,2025-02-07,IT,61,Basic,Phone,12.99,2.94,8,0,0,1,0,0,0.537
CUST100202,2024-05-31,FI,62,Standard,Chat,19.99,21.75,12,0,0,0,0,1,0.226
CUST100203,2024-02-23,ES,51,Pro,Email,34.99,1.43,12,3,0,0,1,1,0.644
CUST100204,2024-04-29,FR,20,Basic,Phone,12.99,26.22,20,0,0,1,0,0,0.245
CUST100205,2025-02-23,FR,54,Pro,Email,34.99,11.06,16,0,0,0,0,1,0.33
CUST100206,2025-02-25,NL,60,Basic,Email,12.99,12.57,7,1,0,1,1,0,0.656
CUST100207,2024-04-13,FR,57,Pro,Email,34.99,9.03,13,1,1,0,1,0,0.722
CUST100208,2024-09-10,SE,43,Standard,Email,19.99,1.71,5,2,0,1,0,1,0.674
CUST100209,2024-08-14,IT,72,Standard,Phone,19.99,14.57,17,2,1,1,0,1,0.727
CUST100210,2024-04-21,DE,40,Standard,Chat,19.99,8.55,9,1,0,1,1,1,0.405
CUST100211,2025-05-24,NL,61,Pro,Email,34.99,3.56,16,1,0,0,0,1,0.722
CUST100212,2025-04-17,SE,56,Basic,Phone,12.99,17.45,10,1,2,1,0,1,0.882
CUST100213,2024-04-08,SE,32,Basic,Phone,12.99,16.55,13,1,0,0,0,1,0.622
CUST100214,2024-06-01,FI,73,Standard,Phone,19.99,17.51,13,0,0,1,1,0,0.157
CUST100215,2024-12-03,FR,66,Standard,Email,19.99,15.84,13,0,0,0,0,1,0.287
CUST100216,2024-06-11,ES,21,Standard,Chat,19.99,5.33,20,1,0,1,1,0,0.422
CUST100217,2024-06-09,ES,46,Standard,Priority,19.99,12.33,13,0,0,1,0,1,0.18
CUST100218,2025-02-01,NL,39,Basic,Phone,12.99,17.2,13,1,0,0,1,1,0.707
CUST100219,2024-10-03,IT,42,Standard,Email,19.99,15.97,8,1,1,1,0,0,0.744
CUST100220,2025-05-18,ES,30,Basic,Email,12.99,0.47,13,1,0,0,0,1,0.894
CUST100221,2025-01-26,DE,35,Standard,Chat,19.99,7.86,12,0,0,1,1,1,0.226
CUST100222,2024-05-14,ES,50,Basic,Phone,12.99,4.53,14,1,1,1,0,1,0.785
CUST100223,2024-07-13,NL,33,Basic,Chat,12.99,21.57,11,1,0,0,0,0,0.653
CUST100224,2025-02-04,ES,62,Basic,Chat,12.99,7.95,8,0,0,1,0,0,0.352
CUST100225,2024-02-02,DE,59,Basic,Email,12.99,11.63,11,0,0,0,0,0,0.282
CUST100226,2025-04-04,FI,61,Standard,Chat,19.99,9.64,11,1,1,1,0,1,0.82
CUST100227,2025-04-14,IT,19,Basic,Phone,12.99,20.08,12,0,0,0,0,0,0.475
CUST100228,2025-01-09,NL,72,Basic,Email,12.99,26.46,16,0,0,1,0,0,0.337
CUST100229,2024-01-22,FI,52,Basic,Phone,12.99,8.59,12,1,0,1,0,1,0.526
CUST100230,2024-02-07,FI,59,Basic,Priority,12.99,10.01,6,1,1,1,0,0,0.764
CUST100231,2024-08-17,FI,51,Basic,Email,12.99,20.87,4,1,0,0,0,1,0.784
CUST100232,2024-12-30,SE,47,Basic,Chat,12.99,3.0,4,2,0,1,1,1,0.75
CUST100233,2025-03-13,IT,72,Standard,Email,19.99,3.36,12,1,0,1,0,1,0.597
CUST100234,2024-10-09,FR,30,Standard,Phone,19.99,4.81,16,2,1,1,0,1,0.746
CUST100235,2024-01-27,IT,30,Standard,Chat,19.99,14.38,6,0,1,0,1,0,0.38
CUST100236,2024-08-13,SE,35,Basic,Chat,12.99,8.79,7,0,0,0,0,1,0.339
CUST100237,2024-10-03,FR,49,Basic,Phone,12.99,4.85,12,0,0,0,1,0,0.325
CUST100238,2024-10-10,IT,49,Pro,Email,34.99,19.28,8,0,0,1,1,0,0.187
CUST100239,2025-04-25,FI,52,Standard,Phone,19.99,1.88,13,0,0,0,1,0,0.522
CUST100240,2025-03-28,NL,56,Basic,Chat,12.99,4.65,13,0,0,1,0,0,0.387
CUST100241,2025-05-30,FR,63,Basic,Email,12.99,7.39,12,1,0,0,1,0,0.782
CUST100242,2024-07-10,DE,69,Basic,Chat,12.99,26.37,8,0,0,1,1,1,0.236
CUST100243,2024-02-18,DE,46,Basic,Phone,12.99,4.77,20,1,0,1,0,0,0.534
CUST100244,2025-05-26,ES,66,Basic,Email,12.99,12.34,14,0,0,1,0,0,0.441
CUST100245,2024-01-17,FR,46,Standard,Phone,19.99,7.38,11,0,0,1,0,0,0.154
CUST100246,2024-06-20,NL,70,Standard,Phone,19.99,2.78,7,2,0,0,0,1,0.71
CUST100247,2024-08-07,SE,61,Standard,Email,19.99,12.17,15,1,0,0,0,1,0.555
CUST100248,2024-06-06,FI,74,Standard,Priority,19.99,6.57,12,1,1,0,0,0,0.764
CUST100249,2025-04-21,ES,33,Standard,Email,19.99,5.37,18,1,1,1,0,1,0.828
CUST100250,2024-02-15,DE,73,Standard,Email,19.99,2.36,10,0,0,1,0,0,0.285
CUST100251,2025-01-07,SE,61,Pro,Email,34.99,8.84,16,0,0,1,0,0,0.244
CUST100252,2025-06-01,SE,64,Basic,Phone,12.99,22.42,11,1,0,1,0,1,0.757
CUST100253,2024-04-08,FI,74,Basic,Chat,12.99,4.97,15,2,0,1,1,0,0.512
CUST100254,2024-02-06,FR,27,Basic,Email,12.99,3.03,14,1,0,1,0,0,0.53
CUST100255,2024-10-06,DE,47,Standard,Chat,19.99,1.55,13,3,0,1,0,1,0.684
CUST100256,2024-12-14,NL,42,Pro,Chat,34.99,1.38,8,1,0,0,0,1,0.771
CUST100257,2025-05-11,SE,56,Basic,Email,12.99,7.53,12,2,0,1,0,0,0.741
CUST100258,2024-10-28,FI,37,Pro,Phone,34.99,8.91,11,1,1,1,1,1,0.724
CUST100259,2024-06-29,NL,22,Basic,Phone,12.99,11.16,10,0,0,1,1,0,0.233
CUST100260,2024-04-08,FR,18,Pro,Chat,34.99,7.81,12,0,0,1,0,1,0.168
CUST100261,2024-04-25,DE,47,Basic,Priority,12.99,9.59,10,3,1,0,1,0,0.805
CUST100262,2024-07-09,FR,66,Basic,Chat,12.99,22.23,13,2,0,0,0,1,0.651
CUST100263,2024-09-09,SE,20,Basic,Priority,12.99,19.26,12,0,1,1,0,0,0.531
CUST100264,2024-06-09,NL,62,Basic,Chat,12.99,18.62,13,0,0,1,0,0,0.256
CUST100265,2024-09-12,NL,31,Basic,Chat,12.99,16.74,15,2,2,0,1,1,0.836
CUST100266,2024-11-18,NL,73,Basic,Email,12.99,13.32,10,0,1,1,0,0,0.564
CUST100267,2024-05-07,SE,47,Standard,Phone,19.99,1.83,13,1,1,1,0,1,0.83
CUST100268,2024-01-18,SE,67,Standard,Chat,19.99,7.02,14,0,0,1,1,0,0.136
CUST100269,2024-11-18,FR,21,Basic,Email,12.99,10.25,15,1,0,0,0,0,0.702
CUST100270,2024-10-14,ES,35,Standard,Email,19.99,3.91,13,1,0,1,0,0,0.51
CUST100271,2024-06-03,FR,54,Standard,Chat,19.99,24.77,7,1,0,1,1,1,0.419
CUST100272,2025-05-04,DE,42,Basic,Chat,12.99,6.4,11,1,0,1,0,0,0.735
CUST100273,2025-01-20,FI,65,Basic,Chat,12.99,1.63,12,0,0,1,0,0,0.525
CUST100274,2024-04-13,NL,18,Basic,Phone,12.99,6.09,10,1,0,1,0,0,0.551
CUST100275,2025-01-27,ES,70,Basic,Email,12.99,11.35,19,2,0,1,0,1,0.672
CUST100276,2024-09-02,FI,63,Standard,Chat,19.99,3.91,12,0,0,1,0,0,0.2
CUST100277,2024-06-24,ES,32,Basic,Email,12.99,7.46,13,3,0,1,0,0,0.575
CUST100278,2024-02-08,IT,26,Standard,Phone,19.99,1.67,11,1,1,1,0,0,0.814
CUST100279,2025-04-21,FR,32,Standard,Phone,19.99,5.81,17,2,1,0,0,1,0.867
CUST100280,2025-06-21,SE,66,Basic,Chat,12.99,8.44,13,0,1,1,1,1,0.687
CUST100281,2025-02-11,NL,74,Standard,Chat,19.99,7.79,11,0,0,1,1,0,0.233
CUST100282,2025-06-08,FR,41,Basic,Email,12.99,14.71,18,0,0,1,0,1,0.455
CUST100283,2025-05-20,FI,21,Pro,Chat,34.99,3.5,8,1,1,0,0,1,0.879
CUST100284,2024-02-05,IT,29,Basic,Phone,12.99,10.87,8,0,0,1,1,0,0.201
CUST100285,2024-01-20,IT,54,Standard,Chat,19.99,12.56,10,0,0,0,0,0,0.198
CUST100286,2024-11-16,IT,54,Standard,Email,19.99,4.59,13,2,1,0,0,1,0.811
CUST100287,2025-05-26,FI,60,Basic,Chat,12.99,3.88,13,0,0,1,1,0,0.404
CUST100288,2025-02-03,FI,23,Standard,Phone,19.99,24.9,6,2,0,1,1,1,0.534
CUST100289,2025-04-15,FI,56,Pro,Email,34.99,6.54,12,0,0,1,1,0,0.269
CUST100290,2024-05-22,FI,73,Standard,Email,19.99,11.25,10,0,0,0,1,1,0.199
CUST100291,2024-04-01,IT,63,Standard,Chat,19.99,11.61,16,0,0,1,0,0,0.166
CUST100292,2024-12-19,IT,41,Pro,Phone,34.99,2.17,14,1,1,0,0,1,0.907
CUST100293,2024-02-20,ES,28,Basic,Email,12.99,9.74,17,0,0,1,0,0,0.229
CUST100294,2024-07-08,FR,30,Basic,Email,12.99,9.37,13,1,0,1,0,1,0.58
CUST100295,2024-05-04,NL,51,Standard,Email,19.99,24.99,10,1,0,1,0,0,0.445
CUST100296,2024-05-29,SE,42,Basic,Email,12.99,9.37,4,0,0,0,1,0,0.417
CUST100297,2024-11-09,IT,24,Standard,Chat,19.99,14.32,17,0,0,0,1,0,0.248
CUST100298,2024-12-07,SE,69,Pro,Chat,34.99,14.73,9,1,0,1,0,0,0.537
CUST100299,2024-10-31,FR,21,Basic,Chat,12.99,6.71,16,0,1,0,1,1,0.592
CUST100300,2024-02-23,FR,25,Basic,Chat,12.99,31.21,14,0,0,1,1,0,0.204
CUST100301,2025-03-19,SE,37,Standard,Email,19.99,4.37,10,1,1,1,0,0,0.812
CUST100302,2024-09-20,IT,46,Basic,Phone,12.99,1.65,10,1,1,0,0,1,0.927
CUST100303,2024-02-22,SE,71,Standard,Chat,19.99,5.61,15,1,0,1,0,1,0.423
CUST100304,2024-01-05,ES,70,Basic,Priority,12.99,1.33,21,1,1,1,0,0,0.868
CUST100305,2024-04-12,DE,68,Standard,Chat,19.99,4.62,7,1,0,0,0,0,0.513
CUST100306,2024-07-14,IT,62,Basic,Email,12.99,8.36,14,0,1,0,0,1,0.582
CUST100307,2024-12-15,IT,63,Standard,Chat,19.99,10.07,9,0,0,0,0,0,0.292
CUST100308,2024-02-16,NL,27,Basic,Email,12.99,6.13,10,0,0,1,0,0,0.228
CUST100309,2024-09-25,FI,60,Standard,Chat,19.99,4.59,13,0,2,1,1,0,0.39
CUST100310,2025-01-04,DE,51,Basic,Email,12.99,5.54,9,1,0,0,0,1,0.724
CUST100311,2024-04-15,FR,74,Standard,Email,19.99,12.35,9,0,1,0,1,0,0.403
CUST100312,2024-04-29,IT,43,Pro,Phone,34.99,3.27,11,1,0,1,0,0,0.444
CUST100313,2024-02-27,SE,58,Basic,Email,12.99,4.61,11,0,0,1,0,0,0.231
CUST100314,2024-12-11,DE,66,Basic,Phone,12.99,10.65,5,0,1,1,1,1,0.539
CUST100315,2025-04-18,NL,20,Basic,Email,12.99,8.99,7,3,0,1,0,1,0.724
CUST100316,2024-04-26,FR,73,Standard,Chat,19.99,1.56,10,1,0,0,0,1,0.694
CUST100317,2024-05-06,FI,23,Standard,Chat,19.99,17.1,17,0,0,1,1,0,0.152
CUST100318,2025-01-27,FI,22,Standard,Chat,19.99,5.67,15,0,0,1,0,1,0.253
CUST100319,2024-02-27,NL,22,Basic,Email,12.99,2.91,14,1,0,0,0,1,0.768
CUST100320,2025-05-27,NL,71,Basic,Email,12.99,2.27,12,0,1,1,0,0,0.827
CUST100321,2024-04-05,SE,64,Standard,Email,19.99,17.27,12,0,1,1,1,0,0.33
CUST100322,2024-04-27,IT,40,Basic,Email,12.99,0.75,10,0,0,1,0,0,0.406
CUST100323,2025-05-02,FI,66,Pro,Chat,34.99,11.33,16,1,0,0,0,0,0.704
CUST100324,2024-08-24,FR,26,Basic,Phone,12.99,15.08,20,1,0,1,0,1,0.598
CUST100325,2024-09-28,DE,52,Standard,Phone,19.99,6.06,14,1,0,1,0,1,0.502
CUST100326,2024-07-07,FR,37,Basic,Phone,12.99,23.4,10,0,2,1,1,0,0.468
CUST100327,2025-03-22,ES,66,Basic,Phone,12.99,3.45,15,0,0,0,0,0,0.456
CUST100328,2024-09-03,ES,59,Standard,Chat,19.99,12.28,8,1,1,0,0,1,0.788
CUST100329,2024-03-16,NL,52,Standard,Email,19.99,9.08,14,0,0,0,0,1,0.209
CUST100330,2024-06-02,SE,67,Pro,Phone,34.99,25.43,16,0,0,1,1,0,0.157
CUST100331,2025-03-10,ES,35,Basic,Chat,12.99,6.65,12,2,1,0,0,0,0.899
CUST100332,2024-03-26,FI,34,Basic,Chat,12.99,11.39,14,0,0,1,1,1,0.211
CUST100333,2024-10-11,FR,41,Standard,Email,19.99,9.03,13,0,1,1,1,0,0.397
CUST100334,2024-08-07,FR,20,Standard,Chat,19.99,1.85,14,1,0,1,0,0,0.662
CUST100335,2024-03-09,NL,49,Basic,Chat,12.99,7.43,16,1,0,1,0,1,0.54
CUST100336,2024-02-16,IT,52,Basic,Phone,12.99,5.06,14,0,1,1,0,0,0.458
CUST100337,2024-04-03,IT,55,Basic,Chat,12.99,9.08,7,1,1,0,1,1,0.801
CUST100338,2025-03-28,DE,30,Pro,Email,34.99,11.55,17,1,0,0,0,0,0.677
CUST100339,2024-07-22,NL,73,Basic,Priority,12.99,20.34,13,1,1,1,0,1,0.801
CUST100340,2024-08-05,DE,64,Basic,Email,12.99,0.53,10,0,0,1,1,0,0.405
CUST100341,2025-04-18,IT,42,Basic,Chat,12.99,8.34,11,0,0,0,0,0,0.478
CUST100342,2025-03-07,NL,26,Basic,Email,12.99,2.45,10,0,0,1,0,1,0.556
CUST100343,2024-12-06,NL,21,Basic,Chat,12.99,12.4,12,0,0,0,0,1,0.388
CUST100344,2024-10-15,NL,31,Standard,Phone,19.99,32.43,17,1,0,0,0,1,0.584
CUST100345,2024-09-10,IT,54,Basic,Email,12.99,6.35,12,1,0,0,1,1,0.64
CUST100346,2024-12-22,DE,51,Standard,Phone,19.99,4.21,6,1,1,1,0,0,0.774
CUST100347,2024-01-23,DE,28,Basic,Email,12.99,5.64,13,0,1,0,0,0,0.526
CUST100348,2025-06-05,NL,58,Standard,Phone,19.99,2.49,11,0,0,0,1,1,0.564
CUST100349,2024-04-09,ES,73,Pro,Phone,34.99,0.24,14,0,0,0,0,0,0.365
CUST100350,2024-06-28,SE,20,Standard,Phone,19.99,10.12,11,1,0,0,1,0,0.502
CUST100351,2024-08-10,IT,45,Standard,Email,19.99,8.04,15,1,0,1,1,0,0.444
CUST100352,2025-03-17,SE,46,Basic,Priority,12.99,4.31,10,0,1,0,0,1,0.702
CUST100353,2024-11-20,SE,26,Basic,Chat,12.99,3.07,18,0,1,0,0,1,0.637
CUST100354,2025-05-30,DE,20,Standard,Email,19.99,15.0,5,2,1,1,1,1,0.829
CUST100355,2024-01-16,DE,42,Pro,Phone,34.99,19.22,11,0,0,0,0,0,0.197
CUST100356,2024-12-01,ES,51,Standard,Email,19.99,9.21,8,0,1,1,0,1,0.459
CUST100357,2024-09-14,SE,29,Standard,Phone,19.99,0.82,18,2,0,1,1,1,0.642
CUST100358,2025-05-11,SE,59,Standard,Email,19.99,7.18,7,1,0,0,0,1,0.711
CUST100359,2024-06-08,NL,26,Basic,Chat,12.99,10.68,10,1,0,1,1,0,0.532
CUST100360,2025-04-19,DE,32,Basic,Chat,12.99,6.56,13,1,0,0,0,1,0.78
CUST100361,2025-01-14,SE,57,Standard,Email,19.99,7.2,7,2,0,1,0,1,0.559
CUST100362,2025-03-02,FR,42,Pro,Email,34.99,4.59,5,1,1,1,0,1,0.804
CUST100363,2024-09-24,ES,22,Basic,Email,12.99,6.68,15,0,0,0,1,1,0.321
CUST100364,2025-02-20,FR,28,Standard,Chat,19.99,16.0,11,0,0,1,0,0,0.266
CUST100365,2024-06-16,FR,51,Basic,Email,12.99,9.63,12,0,0,1,1,0,0.23
CUST100366,2024-02-12,IT,41,Standard,Chat,19.99,5.22,16,1,0,1,0,0,0.42
CUST100367,2024-10-11,IT,32,Basic,Email,12.99,6.57,15,1,0,1,0,1,0.619
CUST100368,2025-01-31,ES,55,Basic,Email,12.99,20.39,9,0,2,1,0,1,0.606
CUST100369,2024-01-12,FR,25,Standard,Chat,19.99,3.13,7,0,1,0,0,1,0.412
CUST100370,2024-10-28,SE,22,Basic,Email,12.99,4.63,10,0,1,0,0,0,0.626
CUST100371,2024-09-09,DE,65,Standard,Phone,19.99,7.18,11,0,0,1,0,0,0.202
CUST100372,2025-05-13,ES,43,Standard,Phone,19.99,4.95,16,0,0,1,0,0,0.322
CUST100373,2024-02-04,NL,35,Pro,Chat,34.99,19.73,16,0,0,1,1,1,0.138
CUST100374,2024-03-30,FR,23,Basic,Chat,12.99,16.27,10,2,0,1,0,1,0.546
CUST100375,2025-02-21,ES,54,Basic,Phone,12.99,7.06,9,0,1,1,1,1,0.583
CUST100376,2024-04-24,FI,65,Basic,Email,12.99,30.72,8,0,0,1,0,0,0.244
CUST100377,2024-07-14,FI,30,Pro,Email,34.99,10.19,10,2,0,1,0,0,0.471
CUST100378,2025-05-15,IT,45,Pro,Email,34.99,22.41,11,0,0,1,0,1,0.324
CUST100379,2025-05-07,DE,22,Standard,Phone,19.99,20.99,17,1,0,1,0,1,0.642
CUST100380,2024-03-15,SE,30,Standard,Email,19.99,11.31,10,0,0,0,0,0,0.209
CUST100381,2025-02-16,DE,34,Standard,Chat,19.99,2.91,20,1,0,1,0,0,0.745
CUST100382,2025-01-10,DE,67,Standard,Priority,19.99,8.71,10,0,0,0,0,1,0.305
CUST100383,2025-02-23,DE,57,Basic,Phone,12.99,4.49,10,2,1,1,1,1,0.844
CUST100384,2024-10-03,DE,62,Standard,Chat,19.99,12.23,15,1,0,1,0,1,0.505
CUST100385,2025-01-28,NL,49,Basic,Email,12.99,10.85,13,1,0,1,1,1,0.639
CUST100386,2025-04-01,NL,46,Standard,Phone,19.99,9.82,12,2,0,1,0,1,0.612
CUST100387,2024-07-10,IT,68,Standard,Chat,19.99,14.49,20,3,1,1,0,1,0.716
CUST100388,2024-04-08,ES,20,Standard,Email,19.99,10.5,16,2,0,0,0,0,0.512
CUST100389,2024-04-05,FI,73,Basic,Email,12.99,7.75,16,1,1,1,0,1,0.776
CUST100390,2024-07-08,DE,57,Basic,Phone,12.99,2.69,12,0,0,1,0,1,0.431
CUST100391,2024-02-06,IT,51,Basic,Chat,12.99,4.89,8,0,0,0,0,1,0.283
CUST100392,2025-01-03,ES,57,Basic,Phone,12.99,3.37,10,1,2,0,0,1,0.882
CUST100393,2025-06-08,FI,44,Basic,Phone,12.99,15.12,11,0,0,1,0,1,0.455
CUST100394,2024-10-05,FR,30,Pro,Chat,34.99,7.36,8,1,0,1,0,0,0.506
CUST100395,2024-08-04,SE,62,Standard,Chat,19.99,9.85,8,0,2,1,0,1,0.405
CUST100396,2024-09-29,NL,50,Basic,Chat,12.99,5.61,12,0,1,1,0,0,0.54
CUST100397,2024-03-02,FR,23,Basic,Email,12.99,17.73,15,1,0,1,1,1,0.5
CUST100398,2024-12-07,FI,41,Basic,Chat,12.99,12.81,8,1,0,1,1,1,0.61
CUST100399,2025-01-31,FR,36,Standard,Phone,19.99,8.98,6,0,0,1,0,1,0.255
CUST100400,2024-01-19,SE,33,Standard,Chat,19.99,8.0,11,0,1,1,1,1,0.31
CUST100401,2024-06-25,IT,57,Pro,Phone,34.99,4.09,20,0,0,0,1,0,0.207
CUST100402,2025-01-30,FI,45,Basic,Chat,12.99,4.99,4,0,2,1,0,1,0.736
CUST100403,2025-03-20,FR,50,Pro,Chat,34.99,1.85,11,0,0,0,0,1,0.529
CUST100404,2024-08-20,NL,65,Pro,Chat,34.99,12.99,8,1,0,1,1,1,0.448
CUST100405,2024-03-16,NL,58,Basic,Chat,12.99,13.83,11,1,0,1,0,1,0.542
CUST100406,2024-09-21,ES,30,Pro,Chat,34.99,14.26,10,0,2,0,1,0,0.462
CUST100407,2025-03-30,FR,60,Basic,Email,12.99,3.58,8,1,0,0,0,0,0.768
CUST100408,2025-01-18,DE,62,Standard,Chat,19.99,21.45,17,1,0,1,0,0,0.561
CUST100409,2025-05-20,FR,42,Basic,Email,12.99,6.37,16,0,1,0,0,1,0.748
CUST100410,2025-01-01,IT,70,Pro,Email,34.99,11.93,10,1,0,1,0,0,0.551
CUST100411,2024-05-23,FI,59,Pro,Chat,34.99,2.63,13,0,0,1,1,0,0.28
CUST100412,2024-03-09,FI,53,Standard,Chat,19.99,18.34,8,1,0,1,1,0,0.392
CUST100413,2024-04-08,IT,44,Standard,Priority,19.99,13.46,16,3,0,0,0,1,0.512
CUST100414,2025-01-30,FR,55,Basic,Chat,12.99,6.59,7,0,0,0,0,1,0.42
CUST100415,2024-01-25,IT,24,Basic,Chat,12.99,5.66,9,1,2,1,1,1,0.733
CUST100416,2025-04-13,SE,22,Basic,Chat,12.99,13.23,13,0,0,1,0,0,0.4
CUST100417,2025-04-28,IT,60,Basic,Chat,12.99,18.3,14,0,0,1,0,0,0.413
CUST100418,2024-05-30,NL,62,Standard,Email,19.99,4.12,16,0,0,0,0,0,0.226
CUST100419,2024-05-23,IT,74,Basic,Email,12.99,7.72,12,0,0,1,1,1,0.224
CUST100420,2024-02-08,FI,68,Pro,Email,34.99,5.49,8,2,1,1,1,0,0.64
CUST100421,2024-04-18,NL,48,Standard,Chat,19.99,18.89,17,0,0,1,0,0,0.169
CUST100422,2024-02-11,FI,40,Standard,Email,19.99,5.04,14,0,2,1,0,1,0.349
CUST100423,2024-07-04,ES,59,Basic,Email,12.99,2.74,14,1,0,0,1,1,0.772
CUST100424,2025-02-01,DE,27,Pro,Email,34.99,13.64,5,1,0,0,0,1,0.642
CUST100425,2024-08-10,FI,49,Pro,Priority,34.99,20.26,9,1,0,1,0,0,0.481
CUST100426,2024-05-12,NL,60,Basic,Email,12.99,13.1,6,1,0,1,0,0,0.56
CUST100427,2024-06-11,ES,70,Standard,Chat,19.99,17.34,10,1,0,0,1,0,0.496
CUST100428,2024-08-02,FI,47,Standard,Email,19.99,29.36,18,2,1,0,0,1,0.779
CUST100429,2024-08-22,SE,56,Basic,Chat,12.99,25.57,12,1,0,1,0,0,0.597
CUST100430,2024-01-09,IT,48,Standard,Email,19.99,25.76,10,0,0,0,0,0,0.196
CUST100431,2024-03-14,DE,35,Basic,Email,12.99,5.54,9,0,0,1,0,0,0.234
CUST100432,2025-05-06,FI,53,Basic,Chat,12.99,13.75,12,0,1,1,0,0,0.675
CUST100433,2024-09-09,ES,19,Basic,Email,12.99,9.4,12,1,0,1,0,1,0.605
CUST100434,2024-08-17,SE,31,Basic,Email,12.99,9.28,8,0,0,1,0,0,0.276
CUST100435,2025-06-02,FR,30,Basic,Email,12.99,17.84,18,0,1,1,0,0,0.699
CUST100436,2024-06-22,ES,46,Basic,Email,12.99,12.41,11,2,1,1,0,1,0.794
CUST100437,2024-06-16,IT,29,Pro,Email,34.99,7.91,15,1,0,1,0,1,0.46
CUST100438,2024-06-18,ES,56,Standard,Email,19.99,4.79,17,0,0,1,1,0,0.16
CUST100439,2025-01-27,SE,19,Pro,Phone,34.99,12.48,9,1,2,1,1,1,0.763
CUST100440,2024-07-12,ES,49,Basic,Chat,12.99,7.34,9,0,0,0,0,1,0.327
CUST100441,2025-05-31,SE,30,Basic,Chat,12.99,17.78,18,0,0,0,1,1,0.483
CUST100442,2024-01-29,FI,63,Standard,Email,19.99,17.4,11,2,0,0,0,0,0.491
CUST100443,2024-06-13,SE,44,Basic,Phone,12.99,11.22,13,0,0,0,1,1,0.286
CUST100444,2025-02-25,SE,66,Basic,Email,12.99,3.32,16,0,2,1,0,1,0.622
CUST100445,2024-12-04,DE,58,Standard,Email,19.99,6.02,11,1,0,1,0,1,0.535
CUST100446,2025-05-10,SE,34,Basic,Chat,12.99,26.47,10,1,1,1,0,0,0.89
CUST100447,2024-12-30,SE,57,Standard,Email,19.99,12.19,19,0,0,1,0,0,0.241
CUST100448,2024-12-07,FR,48,Standard,Email,19.99,20.21,16,0,0,1,1,1,0.206
CUST100449,2025-05-14,FI,51,Basic,Chat,12.99,3.47,14,0,0,1,0,1,0.428
CUST100450,2025-05-25,IT,41,Basic,Phone,12.99,47.84,15,1,0,1,0,1,0.752
CUST100451,2024-11-22,DE,62,Standard,Chat,19.99,1.57,13,0,0,0,0,0,0.454
CUST100452,2024-08-04,FR,52,Basic,Chat,12.99,12.32,15,0,0,0,1,0,0.303
CUST100453,2024-10-27,NL,65,Basic,Priority,12.99,1.39,9,0,0,1,0,1,0.478
CUST100454,2024-05-11,FI,23,Pro,Email,34.99,17.78,15,0,0,1,0,1,0.174
CUST100455,2024-03-10,FI,36,Basic,Email,12.99,4.13,11,0,0,0,1,0,0.261
CUST100456,2024-09-08,NL,47,Standard,Email,19.99,7.41,17,0,0,0,0,0,0.254
CUST100457,2025-02-18,IT,24,Pro,Chat,34.99,10.66,14,1,1,1,0,1,0.799
CUST100458,2025-03-20,SE,27,Basic,Chat,12.99,14.63,11,0,0,0,1,1,0.417
CUST100459,2024-06-30,FR,58,Basic,Phone,12.99,7.3,9,1,0,1,0,1,0.577
CUST100460,2024-06-15,ES,49,Basic,Chat,12.99,9.78,9,0,1,1,0,1,0.497
CUST100461,2024-03-31,DE,51,Basic,Chat,12.99,10.34,16,0,0,1,0,0,0.238
CUST100462,2025-06-14,ES,45,Basic,Email,12.99,8.83,8,0,0,1,1,1,0.425
CUST100463,2024-02-08,NL,32,Standard,Phone,19.99,7.21,13,1,0,1,0,1,0.419
CUST100464,2024-05-05,FI,47,Basic,Priority,12.99,5.58,13,1,0,1,1,1,0.521
CUST100465,2025-03-26,IT,54,Standard,Phone,19.99,10.75,14,0,1,1,1,0,0.496
CUST100466,2024-06-21,FI,46,Pro,Email,34.99,10.49,17,1,0,1,0,0,0.462
CUST100467,2024-08-07,DE,39,Standard,Chat,19.99,4.73,10,1,1,0,1,1,0.754
CUST100468,2024-02-27,FI,21,Standard,Email,19.99,7.24,13,1,0,1,0,1,0.425
CUST100469,2025-04-20,FI,37,Basic,Email,12.99,1.41,12,1,0,1,0,1,0.848
CUST100470,2025-03-31,DE,49,Standard,Email,19.99,6.93,10,1,0,1,1,1,0.575
CUST100471,2024-12-26,FR,53,Standard,Chat,19.99,1.47,16,1,0,1,1,1,0.688
CUST100472,2024-01-01,FR,67,Basic,Chat,12.99,5.69,11,1,0,1,0,0,0.52
CUST100473,2025-01-21,DE,21,Basic,Email,12.99,3.35,14,0,0,0,0,0,0.414
CUST100474,2024-12-13,IT,44,Pro,Email,34.99,4.32,13,0,0,1,0,0,0.234
CUST100475,2024-07-08,NL,34,Basic,Chat,12.99,20.66,9,0,0,1,0,1,0.264
CUST100476,2025-05-19,FI,29,Basic,Email,12.99,2.93,10,0,0,1,0,0,0.618
CUST100477,2024-07-09,IT,39,Basic,Email,12.99,6.12,16,2,0,1,0,0,0.581
CUST100478,2025-05-22,FI,34,Basic,Chat,12.99,10.67,12,1,0,0,0,1,0.801
CUST100479,2025-01-03,NL,27,Standard,Phone,19.99,1.07,5,0,0,1,0,1,0.404
CUST100480,2025-02-12,FR,71,Standard,Email,19.99,7.4,7,1,1,0,0,1,0.84
CUST100481,2024-04-26,IT,18,Standard,Email,19.99,9.95,12,1,0,1,1,1,0.406
CUST100482,2024-05-13,SE,39,Basic,Email,12.99,3.18,13,1,1,1,1,1,0.758
CUST100483,2024-02-27,SE,43,Basic,Phone,12.99,2.1,11,0,0,0,0,0,0.462
CUST100484,2024-06-21,SE,73,Basic,Chat,12.99,14.46,18,0,1,1,0,1,0.5
CUST100485,2024-05-28,FR,35,Basic,Chat,12.99,1.13,13,3,0,0,0,0,0.788
CUST100486,2024-03-20,FR,67,Basic,Email,12.99,6.04,14,0,0,0,0,1,0.294
CUST100487,2024-07-31,NL,31,Standard,Chat,19.99,2.78,13,0,0,1,0,0,0.334
CUST100488,2024-07-21,FI,64,Basic,Email,12.99,0.54,12,0,1,1,1,1,0.656
CUST100489,2024-08-16,NL,46,Standard,Chat,19.99,17.96,12,0,0,1,0,0,0.195
CUST100490,2024-08-14,NL,29,Basic,Phone,12.99,13.55,15,1,1,1,0,1,0.807
CUST100491,2025-06-15,FR,53,Basic,Chat,12.99,18.99,6,0,1,1,0,1,0.712
CUST100492,2025-03-16,SE,52,Basic,Phone,12.99,9.25,14,0,0,1,0,0,0.378
CUST100493,2025-02-05,ES,69,Pro,Chat,34.99,2.79,9,0,0,0,0,1,0.498
CUST100494,2024-02-16,FI,29,Standard,Email,19.99,5.51,18,0,1,0,1,0,0.385
CUST100495,2024-08-20,FR,24,Pro,Phone,34.99,1.99,10,2,0,1,0,1,0.666
CUST100496,2024-10-31,SE,46,Basic,Email,12.99,6.69,15,0,0,1,0,0,0.304
CUST100497,2025-06-09,IT,28,Basic,Chat,12.99,17.16,12,0,0,1,0,0,0.456
CUST100498,2024-05-22,ES,50,Standard,Email,19.99,5.55,9,0,1,1,1,0,0.344
CUST100499,2025-02-18,ES,23,Basic,Email,12.99,10.76,11,2,0,1,0,1,0.685
CUST100500,2025-05-27,FR,64,Standard,Chat,19.99,10.14,7,0,1,0,0,0,0.661
CUST100501,2025-01-07,DE,32,Basic,Email,12.99,2.57,9,0,0,0,1,0,0.555
CUST100502,2024-09-15,FI,49,Basic,Chat,12.99,2.64,12,2,0,1,0,1,0.766
CUST100503,2025-04-15,ES,68,Basic,Chat,12.99,13.37,7,0,1,1,0,1,0.658
CUST100504,2024-01-12,FR,28,Basic,Email,12.99,3.8,7,0,0,1,0,0,0.221
CUST100505,2024-11-25,FR,40,Standard,Email,19.99,11.21,11,0,0,0,0,0,0.283
CUST100506,2024-12-23,SE,43,Basic,Chat,12.99,3.74,9,0,0,1,0,0,0.328
CUST100507,2025-02-11,IT,51,Basic,Email,12.99,4.52,13,0,0,0,0,1,0.428
CUST100508,2025-01-07,DE,63,Basic,Chat,12.99,11.04,10,1,0,0,0,1,0.725
CUST100509,2024-01-08,FI,51,Basic,Chat,12.99,7.16,7,0,0,1,0,1,0.221
CUST100510,2024-05-01,NL,46,Standard,Phone,19.99,6.27,7,1,0,0,0,1,0.519
CUST100511,2024-12-13,IT,21,Pro,Chat,34.99,3.42,16,0,0,1,0,0,0.234
CUST100512,2024-03-30,IT,34,Pro,Chat,34.99,9.11,14,0,1,0,0,1,0.434
CUST100513,2024-11-11,SE,52,Standard,Chat,19.99,3.98,13,0,1,1,1,0,0.412
CUST100514,2024-06-26,ES,30,Basic,Email,12.99,12.16,12,0,0,1,0,0,0.26
CUST100515,2025-06-23,ES,58,Standard,Email,19.99,3.48,10,0,0,0,0,0,0.436
CUST100516,2024-02-10,SE,56,Basic,Phone,12.99,6.22,18,0,2,1,0,0,0.457
CUST100517,2025-05-16,FR,32,Basic,Chat,12.99,12.32,12,1,0,0,0,1,0.797
CUST100518,2024-05-24,ES,72,Standard,Phone,19.99,10.4,13,0,0,1,0,0,0.176
CUST100519,2024-07-19,DE,46,Basic,Phone,12.99,11.0,9,0,0,0,0,1,0.33
CUST100520,2025-04-05,FI,46,Pro,Phone,34.99,7.45,16,1,0,0,0,1,0.683
CUST100521,2024-09-09,IT,28,Basic,Phone,12.99,2.79,12,1,0,0,0,1,0.814
CUST100522,2025-01-24,IT,69,Standard,Chat,19.99,14.91,11,0,1,0,1,1,0.528
CUST100523,2024-09-12,DE,49,Standard,Email,19.99,8.16,6,1,0,1,0,0,0.495
CUST100524,2025-03-25,ES,19,Pro,Chat,34.99,4.77,18,0,0,1,0,0,0.285
CUST100525,2024-01-10,IT,64,Standard,Email,19.99,4.44,7,0,1,0,0,0,0.411
CUST100526,2024-08-29,NL,31,Standard,Chat,19.99,23.4,15,1,0,1,0,0,0.489
CUST100527,2024-09-07,FI,37,Basic,Chat,12.99,7.07,17,0,1,0,0,1,0.604
CUST100528,2024-01-05,FI,39,Standard,Chat,19.99,2.17,17,1,0,1,0,1,0.595
CUST100529,2024-04-28,IT,28,Basic,Email,12.99,18.42,7,2,0,1,0,0,0.555
CUST100530,2025-01-08,SE,44,Standard,Email,19.99,6.19,9,0,0,1,1,0,0.218
CUST100531,2024-03-05,IT,20,Standard,Chat,19.99,5.03,15,0,1,1,1,1,0.322
CUST100532,2024-05-25,SE,34,Standard,Email,19.99,3.03,10,1,0,1,0,0,0.453
CUST100533,2024-08-11,IT,61,Basic,Phone,12.99,8.47,15,2,0,0,0,1,0.663
CUST100534,2024-08-26,NL,73,Basic,Email,12.99,15.47,9,0,0,1,1,1,0.25
CUST100535,2024-06-25,FR,45,Standard,Email,19.99,8.7,12,0,0,1,0,0,0.183
CUST100536,2024-10-08,FI,46,Basic,Email,12.99,5.45,7,1,0,1,0,1,0.617
CUST100537,2024-03-03,IT,38,Basic,Chat,12.99,1.79,15,0,0,1,0,0,0.39
CUST100538,2024-08-04,NL,64,Basic,Chat,12.99,6.53,13,1,0,1,0,1,0.59
CUST100539,2025-04-05,SE,33,Pro,Email,34.99,10.05,6,2,1,1,0,1,0.82
CUST100540,2024-04-14,SE,54,Standard,Email,19.99,3.79,18,1,0,1,0,1,0.439
CUST100541,2024-04-08,FI,37,Basic,Chat,12.99,18.96,16,0,0,1,0,0,0.24
CUST100542,2025-05-25,DE,23,Basic,Email,12.99,5.57,19,0,1,1,0,1,0.692
CUST100543,2025-01-19,IT,36,Basic,Chat,12.99,10.61,9,0,0,0,1,0,0.377
CUST100544,2025-02-08,ES,74,Standard,Chat,19.99,5.77,14,0,0,1,0,0,0.259
CUST100545,2025-06-01,SE,22,Standard,Email,19.99,14.11,18,0,1,1,0,0,0.596
CUST100546,2025-04-20,FR,20,Basic,Email,12.99,9.09,15,0,2,0,0,1,0.725
CUST100547,2025-03-12,FR,18,Basic,Priority,12.99,22.67,5,0,0,0,1,0,0.411
CUST100548,2024-01-23,SE,55,Basic,Chat,12.99,9.26,10,2,0,1,1,0,0.489
CUST100549,2025-04-02,DE,32,Standard,Chat,19.99,12.04,11,0,0,0,0,0,0.356
CUST100550,2024-03-23,DE,51,Standard,Email,19.99,9.66,11,0,1,0,0,1,0.432
CUST100551,2024-05-24,NL,52,Basic,Chat,12.99,2.83,9,0,0,1,1,0,0.379
CUST100552,2024-03-25,FR,66,Basic,Email,12.99,18.15,15,2,0,0,0,0,0.618
CUST100553,2024-03-18,NL,42,Basic,Chat,12.99,10.66,13,0,0,1,0,0,0.235
CUST100554,2025-04-01,FR,41,Pro,Priority,34.99,12.27,15,0,0,0,0,0,0.355
CUST100555,2024-01-01,IT,29,Basic,Email,12.99,16.51,5,1,0,0,0,1,0.594
CUST100556,2024-02-20,IT,35,Standard,Email,19.99,16.99,12,2,0,1,0,0,0.423
CUST100557,2025-03-21,ES,32,Standard,Email,19.99,3.1,10,1,1,1,0,0,0.813
CUST100558,2025-03-24,IT,61,Basic,Email,12.99,2.5,5,1,0,0,0,1,0.873
CUST100559,2025-05-02,ES,33,Basic,Email,12.99,4.08,17,0,0,0,1,1,0.454
CUST100560,2024-02-03,IT,44,Basic,Email,12.99,2.58,13,1,0,1,1,1,0.672
CUST100561,2024-12-13,FI,25,Standard,Phone,19.99,5.66,11,2,1,0,1,0,0.796
CUST100562,2024-04-04,IT,63,Standard,Chat,19.99,2.88,11,1,0,0,1,1,0.655
CUST100563,2024-03-12,NL,42,Standard,Email,19.99,3.07,14,0,0,0,0,1,0.208
CUST100564,2024-06-02,SE,34,Standard,Phone,19.99,10.41,11,2,1,1,0,1,0.705
CUST100565,2024-09-06,NL,46,Basic,Email,12.99,1.58,13,0,0,1,0,0,0.455
CUST100566,2025-03-13,SE,70,Pro,Priority,34.99,8.4,16,2,0,1,1,1,0.561
CUST100567,2024-04-27,DE,25,Standard,Email,19.99,14.87,12,0,0,1,0,0,0.171
CUST100568,2024-11-01,NL,32,Basic,Phone,12.99,14.79,12,0,0,1,1,1,0.274
CUST100569,2024-09-24,DE,44,Pro,Chat,34.99,12.55,12,0,1,1,0,0,0.426
CUST100570,2024-02-23,ES,63,Standard,Phone,19.99,13.71,17,0,1,1,1,0,0.319
CUST100571,2024-08-23,ES,67,Standard,Priority,19.99,13.14,16,0,0,0,0,0,0.249
CUST100572,2025-01-23,FI,69,Standard,Email,19.99,3.0,12,1,0,1,0,0,0.564
CUST100573,2025-02-04,IT,24,Standard,Priority,19.99,6.71,12,2,1,1,1,0,0.767
CUST100574,2024-10-29,NL,20,Standard,Email,19.99,12.79,10,0,3,1,0,0,0.442
CUST100575,2024-07-25,DE,46,Basic,Email,12.99,5.49,7,1,0,1,1,1,0.55
CUST100576,2024-08-16,SE,61,Basic,Email,12.99,5.54,15,2,1,0,0,1,0.85
CUST100577,2024-03-15,ES,70,Pro,Chat,34.99,9.9,9,1,0,1,0,1,0.43
CUST100578,2025-03-10,IT,41,Basic,Email,12.99,25.0,12,0,0,1,0,0,0.374
CUST100579,2024-04-12,ES,20,Basic,Chat,12.99,14.45,17,1,0,1,0,0,0.55
CUST100580,2025-02-25,SE,37,Basic,Chat,12.99,1.63,4,1,0,0,0,1,0.92
CUST100581,2024-11-01,IT,63,Basic,Phone,12.99,9.15,14,1,0,1,0,0,0.628
CUST100582,2024-04-07,IT,32,Standard,Phone,19.99,3.37,8,1,0,1,0,1,0.437
CUST100583,2024-11-30,DE,42,Pro,Chat,34.99,15.13,7,0,0,1,0,0,0.229
CUST100584,2025-03-10,DE,47,Basic,Email,12.99,19.3,13,1,0,1,0,1,0.698
CUST100585,2025-03-22,NL,31,Basic,Email,12.99,27.73,17,1,0,1,0,0,0.705
CUST100586,2024-11-03,NL,24,Basic,Email,12.99,14.73,12,1,0,1,1,1,0.593
CUST100587,2024-09-05,FR,34,Pro,Email,34.99,11.72,11,0,0,1,0,1,0.201
CUST100588,2024-06-14,FR,61,Standard,Email,19.99,12.05,17,1,0,1,0,1,0.46
CUST100589,2025-04-25,FI,37,Basic,Email,12.99,3.3,21,0,0,0,0,1,0.485
CUST100590,2024-11-30,ES,53,Standard,Priority,19.99,7.72,11,1,0,0,0,1,0.607
CUST100591,2024-04-15,NL,26,Pro,Chat,34.99,9.33,20,0,0,1,0,0,0.169
CUST100592,2024-03-21,DE,55,Standard,Email,19.99,4.67,13,0,0,1,1,0,0.145
CUST100593,2024-05-12,SE,65,Pro,Chat,34.99,11.38,9,1,1,1,1,1,0.666
CUST100594,2024-05-17,DE,74,Basic,Email,12.99,30.27,13,2,0,1,0,1,0.562
CUST100595,2024-07-02,ES,39,Standard,Chat,19.99,12.69,8,0,0,0,0,0,0.234
CUST100596,2025-02-04,FR,71,Basic,Chat,12.99,7.91,12,1,0,1,1,0,0.643
CUST100597,2024-11-25,DE,70,Standard,Chat,19.99,11.59,10,1,0,1,0,0,0.531
CUST100598,2025-05-22,FI,70,Standard,Chat,19.99,9.2,19,0,0,0,0,0,0.4
CUST100599,2024-03-09,ES,19,Standard,Priority,19.99,6.53,19,1,0,0,0,1,0.502
